"lang","default_name","name","rapi_code","default_parent_name","parent_id"
"ar_001","Apartment","شقة","1-1","",""
"ar_001","Commercial","تجاري","4-1","",""
"ar_001","House","منزل","2-1","",""
"ar_001","Plot","حبكة","3-1","",""
"ar_001","Kiosk","كشك","4-21","Commercial","تجاري"
"ar_001","Stables","اسطبلات","4-20","Commercial","تجاري"
"ar_001","With Residence","مع الإقامة","4-37","Commercial","تجاري"
"ar_001","Bar","حاجِز","4-2","Commercial","تجاري"
"ar_001","Restaurant","مطعم","4-3","Commercial","تجاري"
"ar_001","Café","مقهى","4-4","Commercial","تجاري"
"ar_001","Hotel","الفندق","4-5","Commercial","تجاري"
"ar_001","Hostel","بيت الشباب","4-6","Commercial","تجاري"
"ar_001","Storage Room","غرفة التخزين","4-11","Commercial","تجاري"
"ar_001","Parking Space","مساحة لوقوف السيارات","4-12","Commercial","تجاري"
"ar_001","Farm","مزرعة","4-13","Commercial","تجاري"
"ar_001","Night Club","النادي الليلي","4-15","Commercial","تجاري"
"ar_001","Beach Bar","بار الشاطئ","4-23","Commercial","تجاري"
"ar_001","Hairdressers","مصففي الشعر","4-25","Commercial","تجاري"
"ar_001","Apartment Complex","مجمع الشقق","4-29","Commercial","تجاري"
"ar_001","Vineyard","كرم","4-32","Commercial","تجاري"
"ar_001","Olive Grove","أوليف غروف","4-33","Commercial","تجاري"
"ar_001","Car Park","موقف السيارات","4-34","Commercial","تجاري"
"ar_001","Campsite","موقع المخيم","4-36","Commercial","تجاري"
"ar_001","Beach Bar","بار الشاطئ","4-22","Commercial","تجاري"
"ar_001","Residential Home","منزل سكني","4-30","Commercial","تجاري"
"ar_001","Commercial Premises","المباني التجارية","4-35","Commercial","تجاري"
"ar_001","Warehouse","مستودع","4-16","Commercial","تجاري"
"ar_001","Mooring","الإرساء","4-19","Commercial","تجاري"
"ar_001","Business","عمل","4-18","Commercial","تجاري"
"ar_001","Garage","المرآب","4-17","Commercial","تجاري"
"ar_001","Mechanics","الميكانيكا","4-24","Commercial","تجاري"
"ar_001","Office","مكتب","4-10","Commercial","تجاري"
"ar_001","Shop","محل","4-9","Commercial","تجاري"
"ar_001","Guest House","منزل الضيف","4-7","Commercial","تجاري"
"ar_001","Bed and Breakfast","السرير والإفطار","4-8","Commercial","تجاري"
"ar_001","Other","آخر","4-100","Commercial","تجاري"
"ar_001","Laundry","مغسلة","4-27","Commercial","تجاري"
"ar_001","Photography Studio","استوديو التصوير","4-26","Commercial","تجاري"
"ar_001","Land","أرض","3-4","Plot","حبكة"
"ar_001","Residential Plot","مؤامرة سكنية","3-2","Plot","حبكة"
"ar_001","Land with Ruin","الأرض مع الخراب","3-5","Plot","حبكة"
"ar_001","Commercial Plot","مؤامرة تجارية","3-3","Plot","حبكة"
"ar_001","Castle","قلعة","2-12","House","منزل"
"ar_001","Semi-Detached House","منزل شبه منفصل","2-4","House","منزل"
"ar_001","Detached Villa","فيلا منفصلة","2-2","House","منزل"
"ar_001","City Palace","قصر المدينة","2-13","House","منزل"
"ar_001","Townhouse","تاون هاوس","2-5","House","منزل"
"ar_001","Quad","رباعي","2-10","House","منزل"
"ar_001","Wooden Cabin","كابينة خشبية","2-14","House","منزل"
"ar_001","Bungalow","بنغل","2-9","House","منزل"
"ar_001","Finca - Rural Estate","فينكا - العقارات الريفية","2-6","House","منزل"
"ar_001","Cave House","منزل كهف","2-17","House","منزل"
"ar_001","Mobile Home","منزل متنقل","2-16","House","منزل"
"ar_001","Wooden House","منزل خشبي","2-15","House","منزل"
"ar_001","Top Floor Studio","استوديو الطابق العلوي","1-11","Apartment","شقة"
"ar_001","Penthouse Duplex","بنتهاوس دوبلكس","1-7","Apartment","شقة"
"ar_001","Top Floor Apartment","شقة الطابق العلوي","1-5","Apartment","شقة"
"ar_001","Penthouse","كنة","1-6","Apartment","شقة"
"ar_001","Middle Floor Apartment","شقة الطابق الأوسط","1-4","Apartment","شقة"
"ar_001","Ground Floor Apartment","شقة الطابق الأرضي","1-2","Apartment","شقة"
"ar_001","Ground Floor Studio","استوديو الطابق الأرضي","1-9","Apartment","شقة"
"ar_001","Middle Floor Studio","استوديو الطابق الأوسط","1-10","Apartment","شقة"
"ar_001","Duplex","دوبلكس","1-8","Apartment","شقة"
"cs_CZ","Apartment","Byt","1-1","",""
"cs_CZ","Commercial","Komerční","4-1","",""
"cs_CZ","House","Dům","2-1","",""
"cs_CZ","Plot","Spiknutí","3-1","",""
"cs_CZ","Kiosk","Stánek","4-21","Commercial","Komerční"
"cs_CZ","Stables","Stáje","4-20","Commercial","Komerční"
"cs_CZ","With Residence","S bydlištěm","4-37","Commercial","Komerční"
"cs_CZ","Restaurant","Restaurace","4-3","Commercial","Komerční"
"cs_CZ","Café","Kavárna","4-4","Commercial","Komerční"
"cs_CZ","Hostel","Ubytovna","4-6","Commercial","Komerční"
"cs_CZ","Storage Room","Skladovací místnost","4-11","Commercial","Komerční"
"cs_CZ","Parking Space","Parkovací místo","4-12","Commercial","Komerční"
"cs_CZ","Farm","Hospodařit","4-13","Commercial","Komerční"
"cs_CZ","Night Club","Noční klub","4-15","Commercial","Komerční"
"cs_CZ","Beach Bar","Plážový bar","4-23","Commercial","Komerční"
"cs_CZ","Hairdressers","Kadeřnictví","4-25","Commercial","Komerční"
"cs_CZ","Apartment Complex","Bytový komplex","4-29","Commercial","Komerční"
"cs_CZ","Vineyard","Vinice","4-32","Commercial","Komerční"
"cs_CZ","Car Park","Parkoviště","4-34","Commercial","Komerční"
"cs_CZ","Campsite","Kemp","4-36","Commercial","Komerční"
"cs_CZ","Beach Bar","Plážový bar","4-22","Commercial","Komerční"
"cs_CZ","Residential Home","Rezidenční dům","4-30","Commercial","Komerční"
"cs_CZ","Commercial Premises","Obchodní prostory","4-35","Commercial","Komerční"
"cs_CZ","Warehouse","Sklad","4-16","Commercial","Komerční"
"cs_CZ","Mooring","Kotvení","4-19","Commercial","Komerční"
"cs_CZ","Business","Podnikání","4-18","Commercial","Komerční"
"cs_CZ","Garage","Garáž","4-17","Commercial","Komerční"
"cs_CZ","Mechanics","Mechanika","4-24","Commercial","Komerční"
"cs_CZ","Office","Kancelář","4-10","Commercial","Komerční"
"cs_CZ","Shop","Nakupovat","4-9","Commercial","Komerční"
"cs_CZ","Guest House","Penzion","4-7","Commercial","Komerční"
"cs_CZ","Bed and Breakfast","Nocleh se snídaní","4-8","Commercial","Komerční"
"cs_CZ","Other","Ostatní","4-100","Commercial","Komerční"
"cs_CZ","Laundry","Prádelna","4-27","Commercial","Komerční"
"cs_CZ","Photography Studio","Fotografické studio","4-26","Commercial","Komerční"
"cs_CZ","Land","Přistát","3-4","Plot","Spiknutí"
"cs_CZ","Residential Plot","Rezidenční spiknutí","3-2","Plot","Spiknutí"
"cs_CZ","Land with Ruin","Přistát s trochou","3-5","Plot","Spiknutí"
"cs_CZ","Commercial Plot","Komerční spiknutí","3-3","Plot","Spiknutí"
"cs_CZ","Castle","Hrad","2-12","House","Dům"
"cs_CZ","Semi-Detached House","Dům semifinovaný","2-4","House","Dům"
"cs_CZ","Detached Villa","Oddělená vila","2-2","House","Dům"
"cs_CZ","City Palace","Městský palác","2-13","House","Dům"
"cs_CZ","Townhouse","Městský dům","2-5","House","Dům"
"cs_CZ","Wooden Cabin","Dřevěná kabina","2-14","House","Dům"
"cs_CZ","Bungalow","Bungalov","2-9","House","Dům"
"cs_CZ","Finca - Rural Estate","Finca - Venkovský statek","2-6","House","Dům"
"cs_CZ","Cave House","Jeskynní dům","2-17","House","Dům"
"cs_CZ","Mobile Home","Mobilní dům","2-16","House","Dům"
"cs_CZ","Wooden House","Dřevěný dům","2-15","House","Dům"
"cs_CZ","Top Floor Studio","Studio nejvyššího patra","1-11","Apartment","Byt"
"cs_CZ","Penthouse Duplex","Duplex Penthouse","1-7","Apartment","Byt"
"cs_CZ","Top Floor Apartment","Byt v horním patře","1-5","Apartment","Byt"
"cs_CZ","Penthouse","Přístřešek","1-6","Apartment","Byt"
"cs_CZ","Middle Floor Apartment","Byt středního patra","1-4","Apartment","Byt"
"cs_CZ","Ground Floor Apartment","Apartmán v přízemí","1-2","Apartment","Byt"
"cs_CZ","Ground Floor Studio","Studio v přízemí","1-9","Apartment","Byt"
"cs_CZ","Middle Floor Studio","Studio středního patra","1-10","Apartment","Byt"
"da_DK","Apartment","Lejlighed","1-1","",""
"da_DK","Commercial","Kommerciel","4-1","",""
"da_DK","House","Hus","2-1","",""
"da_DK","Plot","Grund","3-1","",""
"da_DK","Aparthotel","Lejlighedshotel","4-28","Commercial","Kommerciel"
"da_DK","Stables","Stalde","4-20","Commercial","Kommerciel"
"da_DK","With Residence","Med ophold","4-37","Commercial","Kommerciel"
"da_DK","Café","Cafe","4-4","Commercial","Kommerciel"
"da_DK","Hostel","Vandrerhjem","4-6","Commercial","Kommerciel"
"da_DK","Storage Room","Opbevaringsrum","4-11","Commercial","Kommerciel"
"da_DK","Parking Space","Parkeringsplads","4-12","Commercial","Kommerciel"
"da_DK","Farm","Gård","4-13","Commercial","Kommerciel"
"da_DK","Night Club","Natklub","4-15","Commercial","Kommerciel"
"da_DK","Beach Bar","Strandbar","4-23","Commercial","Kommerciel"
"da_DK","Hairdressers","Frisør","4-25","Commercial","Kommerciel"
"da_DK","Apartment Complex","Lejlighedskompleks","4-29","Commercial","Kommerciel"
"da_DK","Car Park","Parkeringsplads","4-34","Commercial","Kommerciel"
"da_DK","Campsite","Campingplads","4-36","Commercial","Kommerciel"
"da_DK","Beach Bar","Strandbar","4-22","Commercial","Kommerciel"
"da_DK","Residential Home","Bolighjem","4-30","Commercial","Kommerciel"
"da_DK","Commercial Premises","Kommercielle lokaler","4-35","Commercial","Kommerciel"
"da_DK","Warehouse","Lager","4-16","Commercial","Kommerciel"
"da_DK","Mooring","Fortøjning","4-19","Commercial","Kommerciel"
"da_DK","Business","Forretning","4-18","Commercial","Kommerciel"
"da_DK","Mechanics","Mekanik","4-24","Commercial","Kommerciel"
"da_DK","Office","Kontor","4-10","Commercial","Kommerciel"
"da_DK","Shop","Butik","4-9","Commercial","Kommerciel"
"da_DK","Bed and Breakfast","Bed and breakfast","4-8","Commercial","Kommerciel"
"da_DK","Other","Andre","4-100","Commercial","Kommerciel"
"da_DK","Laundry","Vasketøj","4-27","Commercial","Kommerciel"
"da_DK","Photography Studio","Fotografstudio","4-26","Commercial","Kommerciel"
"da_DK","Land","Jord","3-4","Plot","Grund"
"da_DK","Residential Plot","Boliggrund","3-2","Plot","Grund"
"da_DK","Land with Ruin","Land med ruin","3-5","Plot","Grund"
"da_DK","Commercial Plot","Kommerciel grund","3-3","Plot","Grund"
"da_DK","Castle","Slot","2-12","House","Hus"
"da_DK","Semi-Detached House","Dobbelthus","2-4","House","Hus"
"da_DK","Detached Villa","Frakoblet villa","2-2","House","Hus"
"da_DK","City Palace","Bypaladset","2-13","House","Hus"
"da_DK","Townhouse","Rækkehus","2-5","House","Hus"
"da_DK","Wooden Cabin","Træhytte","2-14","House","Hus"
"da_DK","Finca - Rural Estate","Finca - Landdistrikt","2-6","House","Hus"
"da_DK","Mobile Home","Mobilhome","2-16","House","Hus"
"da_DK","Wooden House","Træhus","2-15","House","Hus"
"da_DK","Top Floor Studio","Studio på øverste etage","1-11","Apartment","Lejlighed"
"da_DK","Penthouse Duplex","Penthouse duplex","1-7","Apartment","Lejlighed"
"da_DK","Top Floor Apartment","Lejlighed i øverste etage","1-5","Apartment","Lejlighed"
"da_DK","Middle Floor Apartment","Lejlighed i midten etage","1-4","Apartment","Lejlighed"
"da_DK","Ground Floor Apartment","Lejlighed i stueetagen","1-2","Apartment","Lejlighed"
"da_DK","Ground Floor Studio","Stueetagen Studio","1-9","Apartment","Lejlighed"
"da_DK","Middle Floor Studio","Studie på midterste etage","1-10","Apartment","Lejlighed"
"nl_NL","Apartment","Appartement","1-1","",""
"nl_NL","Commercial","Commercieel","4-1","",""
"nl_NL","House","Huis","2-1","",""
"nl_NL","Plot","Percelen","3-1","",""
"nl_NL","Stables","Stallen","4-20","Commercial","Commercieel"
"nl_NL","With Residence","Met Plaats van Residence","4-37","Commercial","Commercieel"
"nl_NL","Café","Cafe","4-4","Commercial","Commercieel"
"nl_NL","Hostel","Jeugdherberg","4-6","Commercial","Commercieel"
"nl_NL","Storage Room","Bergruimte","4-11","Commercial","Commercieel"
"nl_NL","Parking Space","Parkeergelegenheid","4-12","Commercial","Commercieel"
"nl_NL","Farm","Boerderij","4-13","Commercial","Commercieel"
"nl_NL","Night Club","Nachtclub","4-15","Commercial","Commercieel"
"nl_NL","Beach Bar","Beach bar","4-23","Commercial","Commercieel"
"nl_NL","Hairdressers","Kappers","4-25","Commercial","Commercieel"
"nl_NL","Apartment Complex","Appartementencomplex","4-29","Commercial","Commercieel"
"nl_NL","Vineyard","Wijngaard","4-32","Commercial","Commercieel"
"nl_NL","Olive Grove","Olijfgaard","4-33","Commercial","Commercieel"
"nl_NL","Car Park","Meerdere Parkeerplaatsen","4-34","Commercial","Commercieel"
"nl_NL","Campsite","Camping","4-36","Commercial","Commercieel"
"nl_NL","Beach Bar","Strandbar","4-22","Commercial","Commercieel"
"nl_NL","Residential Home","Bejaardenhuis","4-30","Commercial","Commercieel"
"nl_NL","Commercial Premises","Bedrijfsgebouwen","4-35","Commercial","Commercieel"
"nl_NL","Warehouse","Magazijn","4-16","Commercial","Commercieel"
"nl_NL","Mooring","Aanlegplaats","4-19","Commercial","Commercieel"
"nl_NL","Business","Zaak","4-18","Commercial","Commercieel"
"nl_NL","Mechanics","Mechanica","4-24","Commercial","Commercieel"
"nl_NL","Office","Kantoor","4-10","Commercial","Commercieel"
"nl_NL","Shop","Winkel","4-9","Commercial","Commercieel"
"nl_NL","Guest House","Pension","4-7","Commercial","Commercieel"
"nl_NL","Other","Anders","4-100","Commercial","Commercieel"
"nl_NL","Laundry","Wasserij","4-27","Commercial","Commercieel"
"nl_NL","Photography Studio","Fotografie Studio","4-26","Commercial","Commercieel"
"nl_NL","Land","Grond","3-4","Plot","Percelen"
"nl_NL","Residential Plot","Residentiele Percelen","3-2","Plot","Percelen"
"nl_NL","Land with Ruin","Grond met Ruin","3-5","Plot","Percelen"
"nl_NL","Commercial Plot","Commercieel Percelen","3-3","Plot","Percelen"
"nl_NL","Semi-Detached House","Semi-Vrijstaande Villa","2-4","House","Huis"
"nl_NL","Detached Villa","Vrijstaande Villa","2-2","House","Huis"
"nl_NL","Townhouse","Geschakelde Woning","2-5","House","Huis"
"nl_NL","Finca - Rural Estate","Finca - Landelijk landgoed","2-6","House","Huis"
"nl_NL","Wooden House","Houten huis","2-15","House","Huis"
"nl_NL","Top Floor Studio","Bovenste Verdieping Studio","1-11","Apartment","Appartement"
"nl_NL","Top Floor Apartment","Bovenverdieping Appartement","1-5","Apartment","Appartement"
"nl_NL","Middle Floor Apartment","Tussenverdieping Appartement","1-4","Apartment","Appartement"
"nl_NL","Ground Floor Apartment","Begane grond appartement","1-2","Apartment","Appartement"
"nl_NL","Ground Floor Studio","Gelijkvloers Studio","1-9","Apartment","Appartement"
"nl_NL","Middle Floor Studio","Tussenverdieping Studio","1-10","Apartment","Appartement"
"en_US","Apartment","Apartment","1-1","",""
"en_US","Commercial","Commercial","4-1","",""
"en_US","House","House","2-1","",""
"en_US","Plot","Plot","3-1","",""
"en_US","Aparthotel","Aparthotel","4-28","Commercial","Commercial"
"en_US","Kiosk","Kiosk","4-21","Commercial","Commercial"
"en_US","Stables","Stables","4-20","Commercial","Commercial"
"en_US","With Residence","With Residence","4-37","Commercial","Commercial"
"en_US","Bar","Bar","4-2","Commercial","Commercial"
"en_US","Restaurant","Restaurant","4-3","Commercial","Commercial"
"en_US","Café","Café","4-4","Commercial","Commercial"
"en_US","Hotel","Hotel","4-5","Commercial","Commercial"
"en_US","Hostel","Hostel","4-6","Commercial","Commercial"
"en_US","Storage Room","Storage Room","4-11","Commercial","Commercial"
"en_US","Parking Space","Parking Space","4-12","Commercial","Commercial"
"en_US","Farm","Farm","4-13","Commercial","Commercial"
"en_US","Night Club","Night Club","4-15","Commercial","Commercial"
"en_US","Beach Bar","Beach Bar","4-23","Commercial","Commercial"
"en_US","Hairdressers","Hairdressers","4-25","Commercial","Commercial"
"en_US","Apartment Complex","Apartment Complex","4-29","Commercial","Commercial"
"en_US","Vineyard","Vineyard","4-32","Commercial","Commercial"
"en_US","Olive Grove","Olive Grove","4-33","Commercial","Commercial"
"en_US","Car Park","Car Park","4-34","Commercial","Commercial"
"en_US","Campsite","Campsite","4-36","Commercial","Commercial"
"en_US","Beach Bar","Beach Bar","4-22","Commercial","Commercial"
"en_US","Residential Home","Residential Home","4-30","Commercial","Commercial"
"en_US","Commercial Premises","Commercial Premises","4-35","Commercial","Commercial"
"en_US","Warehouse","Warehouse","4-16","Commercial","Commercial"
"en_US","Mooring","Mooring","4-19","Commercial","Commercial"
"en_US","Business","Business","4-18","Commercial","Commercial"
"en_US","Garage","Garage","4-17","Commercial","Commercial"
"en_US","Mechanics","Mechanics","4-24","Commercial","Commercial"
"en_US","Office","Office","4-10","Commercial","Commercial"
"en_US","Shop","Shop","4-9","Commercial","Commercial"
"en_US","Guest House","Guest House","4-7","Commercial","Commercial"
"en_US","Bed and Breakfast","Bed and Breakfast","4-8","Commercial","Commercial"
"en_US","Other","Other","4-100","Commercial","Commercial"
"en_US","Laundry","Laundry","4-27","Commercial","Commercial"
"en_US","Photography Studio","Photography Studio","4-26","Commercial","Commercial"
"en_US","Land","Land","3-4","Plot","Plot"
"en_US","Residential Plot","Residential Plot","3-2","Plot","Plot"
"en_US","Land with Ruin","Land with Ruin","3-5","Plot","Plot"
"en_US","Commercial Plot","Commercial Plot","3-3","Plot","Plot"
"en_US","Castle","Castle","2-12","House","House"
"en_US","Semi-Detached House","Semi-Detached House","2-4","House","House"
"en_US","Detached Villa","Detached Villa","2-2","House","House"
"en_US","City Palace","City Palace","2-13","House","House"
"en_US","Townhouse","Townhouse","2-5","House","House"
"en_US","Quad","Quad","2-10","House","House"
"en_US","Wooden Cabin","Wooden Cabin","2-14","House","House"
"en_US","Bungalow","Bungalow","2-9","House","House"
"en_US","Finca - Rural Estate","Finca - Rural Estate","2-6","House","House"
"en_US","Cave House","Cave House","2-17","House","House"
"en_US","Mobile Home","Mobile Home","2-16","House","House"
"en_US","Wooden House","Wooden House","2-15","House","House"
"en_US","Top Floor Studio","Top Floor Studio","1-11","Apartment","Apartment"
"en_US","Penthouse Duplex","Penthouse Duplex","1-7","Apartment","Apartment"
"en_US","Top Floor Apartment","Top Floor Apartment","1-5","Apartment","Apartment"
"en_US","Penthouse","Penthouse","1-6","Apartment","Apartment"
"en_US","Middle Floor Apartment","Middle Floor Apartment","1-4","Apartment","Apartment"
"en_US","Ground Floor Apartment","Ground Floor Apartment","1-2","Apartment","Apartment"
"en_US","Ground Floor Studio","Ground Floor Studio","1-9","Apartment","Apartment"
"en_US","Middle Floor Studio","Middle Floor Studio","1-10","Apartment","Apartment"
"en_US","Duplex","Duplex","1-8","Apartment","Apartment"
"fi_FI","Apartment","Huoneisto","1-1","",""
"fi_FI","Commercial","Kaupallinen","4-1","",""
"fi_FI","House","Talo","2-1","",""
"fi_FI","Plot","Juonia","3-1","",""
"fi_FI","Aparthotel","Huoneistohotelli","4-28","Commercial","Kaupallinen"
"fi_FI","Kiosk","Kioski","4-21","Commercial","Kaupallinen"
"fi_FI","Stables","Tallit","4-20","Commercial","Kaupallinen"
"fi_FI","With Residence","Asunnon mukaan","4-37","Commercial","Kaupallinen"
"fi_FI","Bar","Baari","4-2","Commercial","Kaupallinen"
"fi_FI","Restaurant","Ravintola","4-3","Commercial","Kaupallinen"
"fi_FI","Café","Kahvila","4-4","Commercial","Kaupallinen"
"fi_FI","Hotel","Hotelli","4-5","Commercial","Kaupallinen"
"fi_FI","Hostel","Hostelli","4-6","Commercial","Kaupallinen"
"fi_FI","Storage Room","Varastohuone","4-11","Commercial","Kaupallinen"
"fi_FI","Parking Space","Pysäköintitila","4-12","Commercial","Kaupallinen"
"fi_FI","Farm","Maatila","4-13","Commercial","Kaupallinen"
"fi_FI","Night Club","Yökerho","4-15","Commercial","Kaupallinen"
"fi_FI","Beach Bar","Rantabaari","4-23","Commercial","Kaupallinen"
"fi_FI","Hairdressers","Kampaajat","4-25","Commercial","Kaupallinen"
"fi_FI","Apartment Complex","Asuntokompleksi","4-29","Commercial","Kaupallinen"
"fi_FI","Vineyard","Viinitarha","4-32","Commercial","Kaupallinen"
"fi_FI","Olive Grove","Oliivilehto","4-33","Commercial","Kaupallinen"
"fi_FI","Car Park","Pysäköintialue","4-34","Commercial","Kaupallinen"
"fi_FI","Campsite","Leirintäalue","4-36","Commercial","Kaupallinen"
"fi_FI","Beach Bar","Rantabaari","4-22","Commercial","Kaupallinen"
"fi_FI","Residential Home","Asuntokoti","4-30","Commercial","Kaupallinen"
"fi_FI","Commercial Premises","Kaupalliset tilat","4-35","Commercial","Kaupallinen"
"fi_FI","Warehouse","Varasto","4-16","Commercial","Kaupallinen"
"fi_FI","Mooring","Kiinnitys","4-19","Commercial","Kaupallinen"
"fi_FI","Business","Yritys","4-18","Commercial","Kaupallinen"
"fi_FI","Garage","Autotalli","4-17","Commercial","Kaupallinen"
"fi_FI","Mechanics","Mekaniikka","4-24","Commercial","Kaupallinen"
"fi_FI","Office","Toimisto","4-10","Commercial","Kaupallinen"
"fi_FI","Shop","Kauppa","4-9","Commercial","Kaupallinen"
"fi_FI","Guest House","Vierastalo","4-7","Commercial","Kaupallinen"
"fi_FI","Bed and Breakfast","Aamiainen","4-8","Commercial","Kaupallinen"
"fi_FI","Other","Muut","4-100","Commercial","Kaupallinen"
"fi_FI","Laundry","Pesula","4-27","Commercial","Kaupallinen"
"fi_FI","Photography Studio","Valokuvastudio","4-26","Commercial","Kaupallinen"
"fi_FI","Land","Maa","3-4","Plot","Juonia"
"fi_FI","Residential Plot","Asuntolauta","3-2","Plot","Juonia"
"fi_FI","Land with Ruin","Saada pilaantua","3-5","Plot","Juonia"
"fi_FI","Commercial Plot","Kaupallinen juoni","3-3","Plot","Juonia"
"fi_FI","Castle","Linna","2-12","House","Talo"
"fi_FI","Semi-Detached House","Paritalo","2-4","House","Talo"
"fi_FI","Detached Villa","Irrotettu huvila","2-2","House","Talo"
"fi_FI","City Palace","Kaupunginpalatsi","2-13","House","Talo"
"fi_FI","Townhouse","Kaupunkitalo","2-5","House","Talo"
"fi_FI","Quad","Neli","2-10","House","Talo"
"fi_FI","Wooden Cabin","Puinen mökki","2-14","House","Talo"
"fi_FI","Finca - Rural Estate","Finca - Maaseutualue","2-6","House","Talo"
"fi_FI","Cave House","Luolatalo","2-17","House","Talo"
"fi_FI","Mobile Home","Matkapuhelin","2-16","House","Talo"
"fi_FI","Wooden House","Puinen talo","2-15","House","Talo"
"fi_FI","Top Floor Studio","Huippuluokan studio","1-11","Apartment","Huoneisto"
"fi_FI","Penthouse Duplex","Kattohuoneisto","1-7","Apartment","Huoneisto"
"fi_FI","Top Floor Apartment","Ylimmänkymmenen asunto","1-5","Apartment","Huoneisto"
"fi_FI","Penthouse","Kattohuoneisto","1-6","Apartment","Huoneisto"
"fi_FI","Middle Floor Apartment","Keskikortti","1-4","Apartment","Huoneisto"
"fi_FI","Ground Floor Apartment","Pohjakerroshuoneisto","1-2","Apartment","Huoneisto"
"fi_FI","Ground Floor Studio","Pohjakerroksen studio","1-9","Apartment","Huoneisto"
"fi_FI","Middle Floor Studio","Keskikeskuksen studio","1-10","Apartment","Huoneisto"
"fi_FI","Duplex","Dupleksi","1-8","Apartment","Huoneisto"
"fr_FR","Apartment","Appartement","1-1","",""
"fr_FR","House","Maison","2-1","",""
"fr_FR","Plot","Parcelle","3-1","",""
"fr_FR","Aparthotel","Appart'hôtel","4-28","Commercial","Commercial"
"fr_FR","Kiosk","Kiosque","4-21","Commercial","Commercial"
"fr_FR","Stables","Écuries","4-20","Commercial","Commercial"
"fr_FR","With Residence","Avec résidence","4-37","Commercial","Commercial"
"fr_FR","Hotel","Hôtel","4-5","Commercial","Commercial"
"fr_FR","Hostel","Auberge","4-6","Commercial","Commercial"
"fr_FR","Storage Room","Salle de stockage","4-11","Commercial","Commercial"
"fr_FR","Parking Space","Place de parking","4-12","Commercial","Commercial"
"fr_FR","Farm","Ferme","4-13","Commercial","Commercial"
"fr_FR","Night Club","Club de nuit","4-15","Commercial","Commercial"
"fr_FR","Beach Bar","Bar","4-23","Commercial","Commercial"
"fr_FR","Hairdressers","Salon de coiffure","4-25","Commercial","Commercial"
"fr_FR","Apartment Complex","Complexe d'appartements","4-29","Commercial","Commercial"
"fr_FR","Vineyard","Vignoble","4-32","Commercial","Commercial"
"fr_FR","Car Park","Parking","4-34","Commercial","Commercial"
"fr_FR","Campsite","Camping","4-36","Commercial","Commercial"
"fr_FR","Beach Bar","Bar de plage","4-22","Commercial","Commercial"
"fr_FR","Residential Home","Maison résidentielle","4-30","Commercial","Commercial"
"fr_FR","Commercial Premises","Locaux commerciaux","4-35","Commercial","Commercial"
"fr_FR","Warehouse","Entrepôt","4-16","Commercial","Commercial"
"fr_FR","Mooring","Amarrage","4-19","Commercial","Commercial"
"fr_FR","Business","Entreprise","4-18","Commercial","Commercial"
"fr_FR","Mechanics","Mécanique","4-24","Commercial","Commercial"
"fr_FR","Office","Bureau","4-10","Commercial","Commercial"
"fr_FR","Shop","Boutique","4-9","Commercial","Commercial"
"fr_FR","Guest House","Maison d'hôtes","4-7","Commercial","Commercial"
"fr_FR","Bed and Breakfast","Bed and petit-déjeuner","4-8","Commercial","Commercial"
"fr_FR","Other","Autre","4-100","Commercial","Commercial"
"fr_FR","Laundry","Lessive","4-27","Commercial","Commercial"
"fr_FR","Photography Studio","Studio de photographie","4-26","Commercial","Commercial"
"fr_FR","Land","Atterrir","3-4","Plot","Parcelle"
"fr_FR","Residential Plot","Complot résidentiel","3-2","Plot","Parcelle"
"fr_FR","Land with Ruin","Atterrir","3-5","Plot","Parcelle"
"fr_FR","Commercial Plot","Complot commercial","3-3","Plot","Parcelle"
"fr_FR","Castle","Château","2-12","House","Maison"
"fr_FR","Semi-Detached House","Maison semi-détectée","2-4","House","Maison"
"fr_FR","Detached Villa","Villa détachée","2-2","House","Maison"
"fr_FR","City Palace","Palais de la ville","2-13","House","Maison"
"fr_FR","Townhouse","Maison de ville","2-5","House","Maison"
"fr_FR","Quad","Quadruple","2-10","House","Maison"
"fr_FR","Wooden Cabin","Cabine en bois","2-14","House","Maison"
"fr_FR","Finca - Rural Estate","Finca - Domaine Rural","2-6","House","Maison"
"fr_FR","Cave House","Maison de grotte","2-17","House","Maison"
"fr_FR","Mobile Home","Maison mobile","2-16","House","Maison"
"fr_FR","Wooden House","Maison en bois","2-15","House","Maison"
"fr_FR","Top Floor Studio","Studio au dernier étage","1-11","Apartment","Appartement"
"fr_FR","Penthouse Duplex","Duplex penthouse","1-7","Apartment","Appartement"
"fr_FR","Top Floor Apartment","Appartement au dernier étage","1-5","Apartment","Appartement"
"fr_FR","Middle Floor Apartment","Appartement au milieu","1-4","Apartment","Appartement"
"fr_FR","Ground Floor Apartment","Appartement au rez-de-chaussée","1-2","Apartment","Appartement"
"fr_FR","Ground Floor Studio","Studio au rez-de-chaussée","1-9","Apartment","Appartement"
"fr_FR","Middle Floor Studio","Studio au milieu","1-10","Apartment","Appartement"
"de_DE","Apartment","Wohnung","1-1","",""
"de_DE","Commercial","Kommerziell","4-1","",""
"de_DE","House","Haus","2-1","",""
"de_DE","Plot","Handlung","3-1","",""
"de_DE","Stables","Stallungen","4-20","Commercial","Kommerziell"
"de_DE","With Residence","Mit Wohnsitz","4-37","Commercial","Kommerziell"
"de_DE","Café","Cafe","4-4","Commercial","Kommerziell"
"de_DE","Hostel","Herberge","4-6","Commercial","Kommerziell"
"de_DE","Storage Room","Lagerraum","4-11","Commercial","Kommerziell"
"de_DE","Parking Space","Parkplatz","4-12","Commercial","Kommerziell"
"de_DE","Farm","Bauernhof","4-13","Commercial","Kommerziell"
"de_DE","Night Club","Nachtclub","4-15","Commercial","Kommerziell"
"de_DE","Beach Bar","Strandbar","4-23","Commercial","Kommerziell"
"de_DE","Apartment Complex","Apartmentkomplex","4-29","Commercial","Kommerziell"
"de_DE","Vineyard","Weinberg","4-32","Commercial","Kommerziell"
"de_DE","Olive Grove","Olivenhain","4-33","Commercial","Kommerziell"
"de_DE","Car Park","Parkplatz","4-34","Commercial","Kommerziell"
"de_DE","Campsite","Campingplatz","4-36","Commercial","Kommerziell"
"de_DE","Beach Bar","Strandbar","4-22","Commercial","Kommerziell"
"de_DE","Residential Home","Wohnheim","4-30","Commercial","Kommerziell"
"de_DE","Commercial Premises","Handelsräume","4-35","Commercial","Kommerziell"
"de_DE","Warehouse","Lager","4-16","Commercial","Kommerziell"
"de_DE","Mooring","Festmacher","4-19","Commercial","Kommerziell"
"de_DE","Business","Geschäft","4-18","Commercial","Kommerziell"
"de_DE","Mechanics","Mechanik","4-24","Commercial","Kommerziell"
"de_DE","Office","Büro","4-10","Commercial","Kommerziell"
"de_DE","Shop","Geschäft","4-9","Commercial","Kommerziell"
"de_DE","Guest House","Gästehaus","4-7","Commercial","Kommerziell"
"de_DE","Bed and Breakfast","Übernachtung mit Frühstück","4-8","Commercial","Kommerziell"
"de_DE","Other","Andere","4-100","Commercial","Kommerziell"
"de_DE","Laundry","Wäscherei","4-27","Commercial","Kommerziell"
"de_DE","Photography Studio","Fotostudio","4-26","Commercial","Kommerziell"
"de_DE","Residential Plot","Wohngebäude","3-2","Plot","Handlung"
"de_DE","Land with Ruin","Land mit Ruin","3-5","Plot","Handlung"
"de_DE","Commercial Plot","Werbeklage","3-3","Plot","Handlung"
"de_DE","Castle","Schloss","2-12","House","Haus"
"de_DE","Detached Villa","Abstandsvilla","2-2","House","Haus"
"de_DE","City Palace","Stadtpalast","2-13","House","Haus"
"de_DE","Townhouse","Stadthaus","2-5","House","Haus"
"de_DE","Wooden Cabin","Holzkabine","2-14","House","Haus"
"de_DE","Finca - Rural Estate","Finca - Ländliches Anwesen","2-6","House","Haus"
"de_DE","Cave House","Höhlenhaus","2-17","House","Haus"
"de_DE","Mobile Home","Mobilheim","2-16","House","Haus"
"de_DE","Wooden House","Holzhaus","2-15","House","Haus"
"de_DE","Top Floor Studio","Top -Floor Studio","1-11","Apartment","Wohnung"
"de_DE","Top Floor Apartment","Apartment der obersten Etage","1-5","Apartment","Wohnung"
"de_DE","Middle Floor Apartment","Apartment mit mittlerer Etage","1-4","Apartment","Wohnung"
"de_DE","Ground Floor Apartment","Wohnung im Erdgeschoss","1-2","Apartment","Wohnung"
"de_DE","Ground Floor Studio","Erdgeschoss Studio","1-9","Apartment","Wohnung"
"de_DE","Middle Floor Studio","Studio mit mittlerer Etage","1-10","Apartment","Wohnung"
"it_IT","Apartment","Appartamento","1-1","",""
"it_IT","Commercial","Commerciale","4-1","",""
"it_IT","House","Casa","2-1","",""
"it_IT","Plot","Complotto","3-1","",""
"it_IT","Kiosk","Chiosco","4-21","Commercial","Commerciale"
"it_IT","Stables","Scuderie","4-20","Commercial","Commerciale"
"it_IT","With Residence","Con residenza","4-37","Commercial","Commerciale"
"it_IT","Bar","Sbarra","4-2","Commercial","Commerciale"
"it_IT","Restaurant","Ristorante","4-3","Commercial","Commerciale"
"it_IT","Hostel","Ostello","4-6","Commercial","Commerciale"
"it_IT","Storage Room","Ripostiglio","4-11","Commercial","Commerciale"
"it_IT","Parking Space","Parcheggio","4-12","Commercial","Commerciale"
"it_IT","Farm","Azienda agricola","4-13","Commercial","Commerciale"
"it_IT","Beach Bar","Bar sulla spiaggia","4-23","Commercial","Commerciale"
"it_IT","Hairdressers","Parrucchieri","4-25","Commercial","Commerciale"
"it_IT","Apartment Complex","Complesso di appartamenti","4-29","Commercial","Commerciale"
"it_IT","Vineyard","Vigneto","4-32","Commercial","Commerciale"
"it_IT","Car Park","Parcheggio","4-34","Commercial","Commerciale"
"it_IT","Campsite","Campeggio","4-36","Commercial","Commerciale"
"it_IT","Beach Bar","Bar sulla spiaggia","4-22","Commercial","Commerciale"
"it_IT","Residential Home","Casa residenziale","4-30","Commercial","Commerciale"
"it_IT","Commercial Premises","Locali commerciali","4-35","Commercial","Commerciale"
"it_IT","Warehouse","Magazzino","4-16","Commercial","Commerciale"
"it_IT","Mooring","Ormeggio","4-19","Commercial","Commerciale"
"it_IT","Business","Attività commerciale","4-18","Commercial","Commerciale"
"it_IT","Mechanics","Meccanica","4-24","Commercial","Commerciale"
"it_IT","Office","Ufficio","4-10","Commercial","Commerciale"
"it_IT","Shop","Negozio","4-9","Commercial","Commerciale"
"it_IT","Guest House","Pensione","4-7","Commercial","Commerciale"
"it_IT","Laundry","Lavanderia","4-27","Commercial","Commerciale"
"it_IT","Photography Studio","Studio fotografico","4-26","Commercial","Commerciale"
"it_IT","Land","Terra","3-4","Plot","Complotto"
"it_IT","Residential Plot","Trama residenziale","3-2","Plot","Complotto"
"it_IT","Land with Ruin","Terra con rovina","3-5","Plot","Complotto"
"it_IT","Commercial Plot","Trama commerciale","3-3","Plot","Complotto"
"it_IT","Castle","Castello","2-12","House","Casa"
"it_IT","Semi-Detached House","Casa semi-indipendente","2-4","House","Casa"
"it_IT","Detached Villa","Villa distaccata","2-2","House","Casa"
"it_IT","City Palace","Palazzo della città","2-13","House","Casa"
"it_IT","Townhouse","Casa di città","2-5","House","Casa"
"it_IT","Wooden Cabin","Cabina in legno","2-14","House","Casa"
"it_IT","Finca - Rural Estate","Finca - Tenuta rurale","2-6","House","Casa"
"it_IT","Cave House","Casa delle caverne","2-17","House","Casa"
"it_IT","Mobile Home","Casa mobile","2-16","House","Casa"
"it_IT","Wooden House","Casa di legno","2-15","House","Casa"
"it_IT","Top Floor Studio","Studio all'ultimo piano","1-11","Apartment","Appartamento"
"it_IT","Top Floor Apartment","Appartamento all'ultimo piano","1-5","Apartment","Appartamento"
"it_IT","Penthouse","Attico","1-6","Apartment","Appartamento"
"it_IT","Middle Floor Apartment","Appartamento del pavimento di mezzo","1-4","Apartment","Appartamento"
"it_IT","Ground Floor Apartment","Appartamento al piano terra","1-2","Apartment","Appartamento"
"it_IT","Ground Floor Studio","Studio al piano terra","1-9","Apartment","Appartamento"
"it_IT","Middle Floor Studio","Studio al piano di mezzo","1-10","Apartment","Appartamento"
"nb_NO","Apartment","Leilighet","1-1","",""
"nb_NO","Commercial","Kommersiell","4-1","",""
"nb_NO","House","Hus","2-1","",""
"nb_NO","Plot","Tomt","3-1","",""
"nb_NO","Aparthotel","Leilighetshotell","4-28","Commercial","Kommersiell"
"nb_NO","Stables","Staller","4-20","Commercial","Kommersiell"
"nb_NO","With Residence","Med bolig","4-37","Commercial","Kommersiell"
"nb_NO","Café","Kafe","4-4","Commercial","Kommersiell"
"nb_NO","Hotel","Hotell","4-5","Commercial","Kommersiell"
"nb_NO","Storage Room","Lagerrom","4-11","Commercial","Kommersiell"
"nb_NO","Parking Space","Parkeringsplass","4-12","Commercial","Kommersiell"
"nb_NO","Farm","Gård","4-13","Commercial","Kommersiell"
"nb_NO","Night Club","Nattklubb","4-15","Commercial","Kommersiell"
"nb_NO","Hairdressers","Frisører","4-25","Commercial","Kommersiell"
"nb_NO","Apartment Complex","Leilighetskompleks","4-29","Commercial","Kommersiell"
"nb_NO","Vineyard","Vingård","4-32","Commercial","Kommersiell"
"nb_NO","Car Park","Parkeringsplass","4-34","Commercial","Kommersiell"
"nb_NO","Campsite","Campingplass","4-36","Commercial","Kommersiell"
"nb_NO","Beach Bar","Strandbar","4-22","Commercial","Kommersiell"
"nb_NO","Residential Home","Bolighjem","4-30","Commercial","Kommersiell"
"nb_NO","Commercial Premises","Kommersielle lokaler","4-35","Commercial","Kommersiell"
"nb_NO","Warehouse","Lager","4-16","Commercial","Kommersiell"
"nb_NO","Mooring","Fortøyning","4-19","Commercial","Kommersiell"
"nb_NO","Business","Virksomhet","4-18","Commercial","Kommersiell"
"nb_NO","Garage","Garasje","4-17","Commercial","Kommersiell"
"nb_NO","Mechanics","Mekanikk","4-24","Commercial","Kommersiell"
"nb_NO","Office","Kontor","4-10","Commercial","Kommersiell"
"nb_NO","Shop","Butikk","4-9","Commercial","Kommersiell"
"nb_NO","Guest House","Pensjonat","4-7","Commercial","Kommersiell"
"nb_NO","Bed and Breakfast","Seng og frokost","4-8","Commercial","Kommersiell"
"nb_NO","Other","Annen","4-100","Commercial","Kommersiell"
"nb_NO","Laundry","Vaskeri","4-27","Commercial","Kommersiell"
"nb_NO","Photography Studio","Fotograferingsstudio","4-26","Commercial","Kommersiell"
"nb_NO","Land","Jord","3-4","Plot","Tomt"
"nb_NO","Residential Plot","Residential tomt","3-2","Plot","Tomt"
"nb_NO","Land with Ruin","Land med ruin","3-5","Plot","Tomt"
"nb_NO","Commercial Plot","Kommersiell plot","3-3","Plot","Tomt"
"nb_NO","Castle","Borg","2-12","House","Hus"
"nb_NO","Semi-Detached House","Semi-utvunnet hus","2-4","House","Hus"
"nb_NO","Detached Villa","Frittliggende villa","2-2","House","Hus"
"nb_NO","Townhouse","Rekkehus","2-5","House","Hus"
"nb_NO","Wooden Cabin","Trehytte","2-14","House","Hus"
"nb_NO","Finca - Rural Estate","Finca - Landlig eiendom","2-6","House","Hus"
"nb_NO","Cave House","Hulehus","2-17","House","Hus"
"nb_NO","Mobile Home","Mobil","2-16","House","Hus"
"nb_NO","Wooden House","Trehus","2-15","House","Hus"
"nb_NO","Top Floor Studio","Studio i toppetasjen","1-11","Apartment","Leilighet"
"nb_NO","Penthouse Duplex","Penthouse duplex","1-7","Apartment","Leilighet"
"nb_NO","Top Floor Apartment","Leilighet i toppetasjen","1-5","Apartment","Leilighet"
"nb_NO","Middle Floor Apartment","Midtgulvleilighet","1-4","Apartment","Leilighet"
"nb_NO","Ground Floor Apartment","Grov etasje leilighet","1-2","Apartment","Leilighet"
"nb_NO","Ground Floor Studio","Første etasje Studio","1-9","Apartment","Leilighet"
"nb_NO","Middle Floor Studio","Midtgulvstudio","1-10","Apartment","Leilighet"
"nb_NO","Duplex","Dupleks","1-8","Apartment","Leilighet"
"pl_PL","Apartment","Apartament","1-1","",""
"pl_PL","Commercial","Handlowy","4-1","",""
"pl_PL","House","Dom","2-1","",""
"pl_PL","Plot","Działka","3-1","",""
"pl_PL","Aparthotel","Hotel apartamentowy","4-28","Commercial","Handlowy"
"pl_PL","Stables","Stajnie","4-20","Commercial","Handlowy"
"pl_PL","With Residence","Z rezydencją","4-37","Commercial","Handlowy"
"pl_PL","Restaurant","Restauracja","4-3","Commercial","Handlowy"
"pl_PL","Café","Kawiarnia","4-4","Commercial","Handlowy"
"pl_PL","Hostel","Schronisko","4-6","Commercial","Handlowy"
"pl_PL","Storage Room","Przechowywanie","4-11","Commercial","Handlowy"
"pl_PL","Parking Space","Miejsce parkingowe","4-12","Commercial","Handlowy"
"pl_PL","Farm","Gospodarstwo","4-13","Commercial","Handlowy"
"pl_PL","Night Club","Klub nocny","4-15","Commercial","Handlowy"
"pl_PL","Beach Bar","Bar Beach","4-23","Commercial","Handlowy"
"pl_PL","Hairdressers","Salon fryzjerski","4-25","Commercial","Handlowy"
"pl_PL","Apartment Complex","Kompleks apartamentu","4-29","Commercial","Handlowy"
"pl_PL","Vineyard","Winnica","4-32","Commercial","Handlowy"
"pl_PL","Car Park","Parking","4-34","Commercial","Handlowy"
"pl_PL","Campsite","Kemping","4-36","Commercial","Handlowy"
"pl_PL","Beach Bar","Bar na plaży","4-22","Commercial","Handlowy"
"pl_PL","Residential Home","Dom mieszkalny","4-30","Commercial","Handlowy"
"pl_PL","Commercial Premises","Pomieszczenia komercyjne","4-35","Commercial","Handlowy"
"pl_PL","Warehouse","Magazyn","4-16","Commercial","Handlowy"
"pl_PL","Mooring","Cumowanie","4-19","Commercial","Handlowy"
"pl_PL","Business","Biznes","4-18","Commercial","Handlowy"
"pl_PL","Garage","Garaż","4-17","Commercial","Handlowy"
"pl_PL","Mechanics","Mechanika","4-24","Commercial","Handlowy"
"pl_PL","Office","Biuro","4-10","Commercial","Handlowy"
"pl_PL","Shop","Sklep","4-9","Commercial","Handlowy"
"pl_PL","Guest House","Dom gościnny","4-7","Commercial","Handlowy"
"pl_PL","Bed and Breakfast","Nocleg i śniadanie","4-8","Commercial","Handlowy"
"pl_PL","Other","Inny","4-100","Commercial","Handlowy"
"pl_PL","Laundry","Pranie","4-27","Commercial","Handlowy"
"pl_PL","Photography Studio","Studio fotograficzne","4-26","Commercial","Handlowy"
"pl_PL","Land","Grunt","3-4","Plot","Działka"
"pl_PL","Residential Plot","Fabuła mieszkalna","3-2","Plot","Działka"
"pl_PL","Land with Ruin","Ląd z ruiną","3-5","Plot","Działka"
"pl_PL","Commercial Plot","Działka komercyjna","3-3","Plot","Działka"
"pl_PL","Castle","Zamek","2-12","House","Dom"
"pl_PL","Semi-Detached House","Dom z częściowo detalowany","2-4","House","Dom"
"pl_PL","Detached Villa","Odłączona willa","2-2","House","Dom"
"pl_PL","Townhouse","Kamienica","2-5","House","Dom"
"pl_PL","Quad","Kwadrat","2-10","House","Dom"
"pl_PL","Wooden Cabin","Drewniana kabina","2-14","House","Dom"
"pl_PL","Bungalow","Dom parterowy","2-9","House","Dom"
"pl_PL","Finca - Rural Estate","Finca - Osiedle Wiejskie","2-6","House","Dom"
"pl_PL","Cave House","Dom jaskiniowy","2-17","House","Dom"
"pl_PL","Mobile Home","Dom mobilny","2-16","House","Dom"
"pl_PL","Wooden House","Drewniany dom","2-15","House","Dom"
"pl_PL","Top Floor Studio","Studio na najwyższym piętrze","1-11","Apartment","Apartament"
"pl_PL","Top Floor Apartment","Mieszkanie na najwyższym piętrze","1-5","Apartment","Apartament"
"pl_PL","Penthouse","Daszek","1-6","Apartment","Apartament"
"pl_PL","Middle Floor Apartment","Apartament na środku piętra","1-4","Apartment","Apartament"
"pl_PL","Ground Floor Apartment","Mieszkanie na parterze","1-2","Apartment","Apartament"
"pl_PL","Ground Floor Studio","Studio na parterze","1-9","Apartment","Apartament"
"pl_PL","Middle Floor Studio","Studio na środku piętra","1-10","Apartment","Apartament"
"pl_PL","Duplex","Dupleks","1-8","Apartment","Apartament"
"pt_BR","Apartment","Apartamento","1-1","",""
"pt_BR","Commercial","Comercial","4-1","",""
"pt_BR","House","Casa","2-1","",""
"pt_BR","Plot","Trama","3-1","",""
"pt_BR","Aparthotel","APARTHOTEL","4-28","Commercial","Comercial"
"pt_BR","Kiosk","Quiosque","4-21","Commercial","Comercial"
"pt_BR","Stables","Estábulos","4-20","Commercial","Comercial"
"pt_BR","With Residence","Com residência","4-37","Commercial","Comercial"
"pt_BR","Restaurant","Restaurante","4-3","Commercial","Comercial"
"pt_BR","Storage Room","Sala de armazenamento","4-11","Commercial","Comercial"
"pt_BR","Parking Space","Espaço de estacionamento","4-12","Commercial","Comercial"
"pt_BR","Farm","Fazenda","4-13","Commercial","Comercial"
"pt_BR","Night Club","Boate","4-15","Commercial","Comercial"
"pt_BR","Beach Bar","Bar de praia","4-23","Commercial","Comercial"
"pt_BR","Hairdressers","Cabeleireiro","4-25","Commercial","Comercial"
"pt_BR","Apartment Complex","Complexo de apartamentos","4-29","Commercial","Comercial"
"pt_BR","Vineyard","Vinhedo","4-32","Commercial","Comercial"
"pt_BR","Car Park","Estacionamento","4-34","Commercial","Comercial"
"pt_BR","Campsite","Acampamento","4-36","Commercial","Comercial"
"pt_BR","Beach Bar","Bar de praia","4-22","Commercial","Comercial"
"pt_BR","Residential Home","Casa residencial","4-30","Commercial","Comercial"
"pt_BR","Commercial Premises","Instalações comerciais","4-35","Commercial","Comercial"
"pt_BR","Warehouse","Armazém","4-16","Commercial","Comercial"
"pt_BR","Mooring","Amarração","4-19","Commercial","Comercial"
"pt_BR","Business","Negócios","4-18","Commercial","Comercial"
"pt_BR","Garage","Garagem","4-17","Commercial","Comercial"
"pt_BR","Office","Escritório","4-10","Commercial","Comercial"
"pt_BR","Shop","Comprar","4-9","Commercial","Comercial"
"pt_BR","Guest House","Casa de hóspedes","4-7","Commercial","Comercial"
"pt_BR","Laundry","Lavanderia","4-27","Commercial","Comercial"
"pt_BR","Photography Studio","Estúdio de fotografia","4-26","Commercial","Comercial"
"pt_BR","Land","Terra","3-4","Plot","Trama"
"pt_BR","Residential Plot","Lote residencial","3-2","Plot","Trama"
"pt_BR","Land with Ruin","Terra com ruína","3-5","Plot","Trama"
"pt_BR","Commercial Plot","Lote comercial","3-3","Plot","Trama"
"pt_BR","Castle","Castelo","2-12","House","Casa"
"pt_BR","Semi-Detached House","Casa semi-detestada","2-4","House","Casa"
"pt_BR","Detached Villa","Villa destacada","2-2","House","Casa"
"pt_BR","City Palace","Palácio da cidade","2-13","House","Casa"
"pt_BR","Townhouse","Moradia","2-5","House","Casa"
"pt_BR","Wooden Cabin","Cabine de madeira","2-14","House","Casa"
"pt_BR","Bungalow","Bangalô","2-9","House","Casa"
"pt_BR","Finca - Rural Estate","FINnca - Estate Rural","2-6","House","Casa"
"pt_BR","Cave House","Casa da caverna","2-17","House","Casa"
"pt_BR","Mobile Home","Casa móvel","2-16","House","Casa"
"pt_BR","Wooden House","Casa de madeira","2-15","House","Casa"
"pt_BR","Top Floor Studio","Estúdio no piso superior","1-11","Apartment","Apartamento"
"pt_BR","Penthouse Duplex","Duplex de cobertura","1-7","Apartment","Apartamento"
"pt_BR","Top Floor Apartment","Apartamento no último andar","1-5","Apartment","Apartamento"
"pt_BR","Penthouse","Pentil","1-6","Apartment","Apartamento"
"pt_BR","Middle Floor Apartment","Apartamento do andar do meio","1-4","Apartment","Apartamento"
"pt_BR","Ground Floor Apartment","Apartamento no térreo","1-2","Apartment","Apartamento"
"pt_BR","Ground Floor Studio","Estúdio do térreo","1-9","Apartment","Apartamento"
"pt_BR","Middle Floor Studio","Studio do piso médio","1-10","Apartment","Apartamento"
"ru_RU","Apartment","Квартира","1-1","",""
"ru_RU","Commercial","Коммерческий","4-1","",""
"ru_RU","House","Дом","2-1","",""
"ru_RU","Plot","Сюжет","3-1","",""
"ru_RU","Aparthotel","Апарт-отель","4-28","Commercial","Коммерческий"
"ru_RU","Kiosk","Киоск","4-21","Commercial","Коммерческий"
"ru_RU","Stables","Конюшни","4-20","Commercial","Коммерческий"
"ru_RU","With Residence","С резиденцией","4-37","Commercial","Коммерческий"
"ru_RU","Bar","Бар","4-2","Commercial","Коммерческий"
"ru_RU","Restaurant","Ресторан","4-3","Commercial","Коммерческий"
"ru_RU","Café","Кафе","4-4","Commercial","Коммерческий"
"ru_RU","Hotel","Отель","4-5","Commercial","Коммерческий"
"ru_RU","Hostel","Общежитие","4-6","Commercial","Коммерческий"
"ru_RU","Storage Room","Хранилище","4-11","Commercial","Коммерческий"
"ru_RU","Parking Space","Парковка","4-12","Commercial","Коммерческий"
"ru_RU","Farm","Ферма","4-13","Commercial","Коммерческий"
"ru_RU","Night Club","Ночной клуб","4-15","Commercial","Коммерческий"
"ru_RU","Beach Bar","Пляжный бар","4-23","Commercial","Коммерческий"
"ru_RU","Hairdressers","Парикмахеры","4-25","Commercial","Коммерческий"
"ru_RU","Apartment Complex","Квартирный комплекс","4-29","Commercial","Коммерческий"
"ru_RU","Vineyard","Виноградник","4-32","Commercial","Коммерческий"
"ru_RU","Olive Grove","Оливковая роща","4-33","Commercial","Коммерческий"
"ru_RU","Car Park","Автостоянка","4-34","Commercial","Коммерческий"
"ru_RU","Campsite","Лагерь","4-36","Commercial","Коммерческий"
"ru_RU","Beach Bar","Пляжный бар","4-22","Commercial","Коммерческий"
"ru_RU","Residential Home","Жилой дом","4-30","Commercial","Коммерческий"
"ru_RU","Commercial Premises","Коммерческие помещения","4-35","Commercial","Коммерческий"
"ru_RU","Warehouse","Склад","4-16","Commercial","Коммерческий"
"ru_RU","Mooring","Причал","4-19","Commercial","Коммерческий"
"ru_RU","Business","Бизнес","4-18","Commercial","Коммерческий"
"ru_RU","Garage","Гараж","4-17","Commercial","Коммерческий"
"ru_RU","Mechanics","Механика","4-24","Commercial","Коммерческий"
"ru_RU","Office","Офис","4-10","Commercial","Коммерческий"
"ru_RU","Shop","Магазин","4-9","Commercial","Коммерческий"
"ru_RU","Guest House","Гостевой дом","4-7","Commercial","Коммерческий"
"ru_RU","Bed and Breakfast","Кровать и завтрак","4-8","Commercial","Коммерческий"
"ru_RU","Other","Другой","4-100","Commercial","Коммерческий"
"ru_RU","Laundry","Прачечная","4-27","Commercial","Коммерческий"
"ru_RU","Photography Studio","Фотография","4-26","Commercial","Коммерческий"
"ru_RU","Land","Земля","3-4","Plot","Сюжет"
"ru_RU","Residential Plot","Жилой участок","3-2","Plot","Сюжет"
"ru_RU","Land with Ruin","Земля с руин","3-5","Plot","Сюжет"
"ru_RU","Commercial Plot","Коммерческий участок","3-3","Plot","Сюжет"
"ru_RU","Castle","Замок","2-12","House","Дом"
"ru_RU","Semi-Detached House","Полуотдельный дом","2-4","House","Дом"
"ru_RU","Detached Villa","Отличная вилла","2-2","House","Дом"
"ru_RU","City Palace","Городской дворец","2-13","House","Дом"
"ru_RU","Townhouse","Таунхаус","2-5","House","Дом"
"ru_RU","Quad","Квадратный","2-10","House","Дом"
"ru_RU","Wooden Cabin","Деревянная каюта","2-14","House","Дом"
"ru_RU","Bungalow","Бунгало","2-9","House","Дом"
"ru_RU","Finca - Rural Estate","Финка - Сельская недвижимость","2-6","House","Дом"
"ru_RU","Cave House","Пещерный дом","2-17","House","Дом"
"ru_RU","Mobile Home","Мобильный дом","2-16","House","Дом"
"ru_RU","Wooden House","Деревянный дом","2-15","House","Дом"
"ru_RU","Top Floor Studio","Студия на верхнем этаже","1-11","Apartment","Квартира"
"ru_RU","Penthouse Duplex","Пентхаус дуплекс","1-7","Apartment","Квартира"
"ru_RU","Top Floor Apartment","Квартира на верхнем этаже","1-5","Apartment","Квартира"
"ru_RU","Penthouse","Пентхаус","1-6","Apartment","Квартира"
"ru_RU","Middle Floor Apartment","Квартира на среднем этаже","1-4","Apartment","Квартира"
"ru_RU","Ground Floor Apartment","Квартира на первом этаже","1-2","Apartment","Квартира"
"ru_RU","Ground Floor Studio","Студия на первом этаже","1-9","Apartment","Квартира"
"ru_RU","Middle Floor Studio","Студия среднего этажа","1-10","Apartment","Квартира"
"ru_RU","Duplex","Дуплекс","1-8","Apartment","Квартира"
"es_ES","Apartment","Apartamento","1-1","",""
"es_ES","Commercial","Comercial","4-1","",""
"es_ES","House","Casa","2-1","",""
"es_ES","Plot","Terreno","3-1","",""
"es_ES","Kiosk","Quiosco","4-21","Commercial","Comercial"
"es_ES","Stables","Establos","4-20","Commercial","Comercial"
"es_ES","With Residence","Con Lugar de Residencia","4-37","Commercial","Comercial"
"es_ES","Restaurant","Restaurante","4-3","Commercial","Comercial"
"es_ES","Hostel","Hostal","4-6","Commercial","Comercial"
"es_ES","Storage Room","Trastero - Almacén","4-11","Commercial","Comercial"
"es_ES","Parking Space","Aparcamiento","4-12","Commercial","Comercial"
"es_ES","Farm","Granja","4-13","Commercial","Comercial"
"es_ES","Night Club","Club Nocturno","4-15","Commercial","Comercial"
"es_ES","Beach Bar","Bar en la Playa","4-23","Commercial","Comercial"
"es_ES","Hairdressers","Peluquerías","4-25","Commercial","Comercial"
"es_ES","Apartment Complex","Edificio","4-29","Commercial","Comercial"
"es_ES","Vineyard","Viñedo","4-32","Commercial","Comercial"
"es_ES","Olive Grove","Olivar","4-33","Commercial","Comercial"
"es_ES","Car Park","Plazas Aparcamiento Múltiple","4-34","Commercial","Comercial"
"es_ES","Campsite","Cámping","4-36","Commercial","Comercial"
"es_ES","Residential Home","Residencia de Mayores","4-30","Commercial","Comercial"
"es_ES","Commercial Premises","Local comercial","4-35","Commercial","Comercial"
"es_ES","Warehouse","Nave industrial","4-16","Commercial","Comercial"
"es_ES","Mooring","Amarre","4-19","Commercial","Comercial"
"es_ES","Business","Negocio","4-18","Commercial","Comercial"
"es_ES","Garage","Garaje","4-17","Commercial","Comercial"
"es_ES","Mechanics","Mecánica","4-24","Commercial","Comercial"
"es_ES","Office","Oficina","4-10","Commercial","Comercial"
"es_ES","Shop","Tienda","4-9","Commercial","Comercial"
"es_ES","Guest House","Casa de Invitados","4-7","Commercial","Comercial"
"es_ES","Bed and Breakfast","Cama y Desayuno","4-8","Commercial","Comercial"
"es_ES","Other","Otro","4-100","Commercial","Comercial"
"es_ES","Laundry","Lavandería","4-27","Commercial","Comercial"
"es_ES","Photography Studio","Estudio de fotografía","4-26","Commercial","Comercial"
"es_ES","Land","Terreno Rustico","3-4","Plot","Terreno"
"es_ES","Residential Plot","Terreno Urbano","3-2","Plot","Terreno"
"es_ES","Land with Ruin","Terreno con Ruina","3-5","Plot","Terreno"
"es_ES","Commercial Plot","Terreno Comercial","3-3","Plot","Terreno"
"es_ES","Semi-Detached House","Pareada","2-4","House","Casa"
"es_ES","Detached Villa","Villa - Chalet","2-2","House","Casa"
"es_ES","Townhouse","Adosada","2-5","House","Casa"
"es_ES","Wooden House","Casa de madera","2-15","House","Casa"
"es_ES","Top Floor Studio","Estudio Planta Superior","1-11","Apartment","Apartamento"
"es_ES","Penthouse Duplex","Ático Dúplex","1-7","Apartment","Apartamento"
"es_ES","Top Floor Apartment","Apartamento en Planta Última","1-5","Apartment","Apartamento"
"es_ES","Penthouse","Ático","1-6","Apartment","Apartamento"
"es_ES","Middle Floor Apartment","Apartamento Planta Media","1-4","Apartment","Apartamento"
"es_ES","Ground Floor Apartment","Apartamento Planta Baja","1-2","Apartment","Apartamento"
"es_ES","Ground Floor Studio","Estudio en Planta Baja","1-9","Apartment","Apartamento"
"es_ES","Middle Floor Studio","Estudio Planta Media","1-10","Apartment","Apartamento"
"es_ES","Duplex","Dúplex","1-8","Apartment","Apartamento"
"sv_SE","Apartment","Lägenhet","1-1","",""
"sv_SE","Commercial","Kommersiell","4-1","",""
"sv_SE","House","Hus","2-1","",""
"sv_SE","Plot","Tomt","3-1","",""
"sv_SE","Aparthotel","Lägenhetshotell","4-28","Commercial","Kommersiell"
"sv_SE","Stables","Stall","4-20","Commercial","Kommersiell"
"sv_SE","With Residence","Med hemvist","4-37","Commercial","Kommersiell"
"sv_SE","Restaurant","Restaurang","4-3","Commercial","Kommersiell"
"sv_SE","Café","Kafé","4-4","Commercial","Kommersiell"
"sv_SE","Hotel","Hotell","4-5","Commercial","Kommersiell"
"sv_SE","Hostel","Vandrarhem","4-6","Commercial","Kommersiell"
"sv_SE","Storage Room","Förråd","4-11","Commercial","Kommersiell"
"sv_SE","Parking Space","Parkeringsplats","4-12","Commercial","Kommersiell"
"sv_SE","Farm","Odla","4-13","Commercial","Kommersiell"
"sv_SE","Night Club","Nattklubb","4-15","Commercial","Kommersiell"
"sv_SE","Beach Bar","Strandbar","4-23","Commercial","Kommersiell"
"sv_SE","Hairdressers","Frisör","4-25","Commercial","Kommersiell"
"sv_SE","Apartment Complex","Lägenhetskomplex","4-29","Commercial","Kommersiell"
"sv_SE","Vineyard","Vingård","4-32","Commercial","Kommersiell"
"sv_SE","Olive Grove","Olivlund","4-33","Commercial","Kommersiell"
"sv_SE","Car Park","Parkeringsplats","4-34","Commercial","Kommersiell"
"sv_SE","Campsite","Campingplats","4-36","Commercial","Kommersiell"
"sv_SE","Beach Bar","Strandbar","4-22","Commercial","Kommersiell"
"sv_SE","Residential Home","Bostadshus","4-30","Commercial","Kommersiell"
"sv_SE","Commercial Premises","Kommersiella lokaler","4-35","Commercial","Kommersiell"
"sv_SE","Warehouse","Lager","4-16","Commercial","Kommersiell"
"sv_SE","Mooring","Förtöjning","4-19","Commercial","Kommersiell"
"sv_SE","Business","Företag","4-18","Commercial","Kommersiell"
"sv_SE","Mechanics","Mekanik","4-24","Commercial","Kommersiell"
"sv_SE","Office","Kontor","4-10","Commercial","Kommersiell"
"sv_SE","Shop","Handla","4-9","Commercial","Kommersiell"
"sv_SE","Guest House","Pensionat","4-7","Commercial","Kommersiell"
"sv_SE","Bed and Breakfast","Säng och frukost","4-8","Commercial","Kommersiell"
"sv_SE","Other","Andra","4-100","Commercial","Kommersiell"
"sv_SE","Laundry","Tvätt","4-27","Commercial","Kommersiell"
"sv_SE","Photography Studio","Fotograferingsstudio","4-26","Commercial","Kommersiell"
"sv_SE","Land","Landa","3-4","Plot","Tomt"
"sv_SE","Residential Plot","Bostadsplan","3-2","Plot","Tomt"
"sv_SE","Land with Ruin","Land med ruin","3-5","Plot","Tomt"
"sv_SE","Commercial Plot","Handelsdiagram","3-3","Plot","Tomt"
"sv_SE","Castle","Slott","2-12","House","Hus"
"sv_SE","Semi-Detached House","Halvfack","2-4","House","Hus"
"sv_SE","Detached Villa","Fristående villa","2-2","House","Hus"
"sv_SE","City Palace","Stadspalats","2-13","House","Hus"
"sv_SE","Townhouse","Radhus","2-5","House","Hus"
"sv_SE","Quad","Fyrhjuling","2-10","House","Hus"
"sv_SE","Wooden Cabin","Trästuga","2-14","House","Hus"
"sv_SE","Finca - Rural Estate","Finca - Lantgård","2-6","House","Hus"
"sv_SE","Cave House","Grotthus","2-17","House","Hus"
"sv_SE","Mobile Home","Husbil","2-16","House","Hus"
"sv_SE","Wooden House","Trähus","2-15","House","Hus"
"sv_SE","Top Floor Studio","Övergångsstudio","1-11","Apartment","Lägenhet"
"sv_SE","Penthouse Duplex","Takvåningsduplex","1-7","Apartment","Lägenhet"
"sv_SE","Top Floor Apartment","Lägenhet","1-5","Apartment","Lägenhet"
"sv_SE","Penthouse","Takvåning","1-6","Apartment","Lägenhet"
"sv_SE","Middle Floor Apartment","Mellanlägenhet","1-4","Apartment","Lägenhet"
"sv_SE","Ground Floor Apartment","Bottenvåning","1-2","Apartment","Lägenhet"
"sv_SE","Ground Floor Studio","Bottenvåningen","1-9","Apartment","Lägenhet"
"sv_SE","Middle Floor Studio","Studio på mellanvåningen","1-10","Apartment","Lägenhet"
"tr_TR","Apartment","Daire","1-1","",""
"tr_TR","Commercial","Reklam","4-1","",""
"tr_TR","House","Ev","2-1","",""
"tr_TR","Plot","Komplo","3-1","",""
"tr_TR","Aparthotel","Apart otel","4-28","Commercial","Reklam"
"tr_TR","Kiosk","Köşk","4-21","Commercial","Reklam"
"tr_TR","Stables","Ahırlar","4-20","Commercial","Reklam"
"tr_TR","With Residence","İkametgah ile","4-37","Commercial","Reklam"
"tr_TR","Bar","Çubuk","4-2","Commercial","Reklam"
"tr_TR","Restaurant","Restoran","4-3","Commercial","Reklam"
"tr_TR","Café","Kafe","4-4","Commercial","Reklam"
"tr_TR","Hotel","Otel","4-5","Commercial","Reklam"
"tr_TR","Hostel","Pansiyon","4-6","Commercial","Reklam"
"tr_TR","Storage Room","Depo","4-11","Commercial","Reklam"
"tr_TR","Parking Space","Park yeri","4-12","Commercial","Reklam"
"tr_TR","Farm","Çiftlik","4-13","Commercial","Reklam"
"tr_TR","Night Club","Gece kulübü","4-15","Commercial","Reklam"
"tr_TR","Beach Bar","Plaj barı","4-23","Commercial","Reklam"
"tr_TR","Hairdressers","Kuaför","4-25","Commercial","Reklam"
"tr_TR","Apartment Complex","Apartman kompleksi","4-29","Commercial","Reklam"
"tr_TR","Vineyard","Bağ","4-32","Commercial","Reklam"
"tr_TR","Car Park","Otopark","4-34","Commercial","Reklam"
"tr_TR","Campsite","Kamp alanı","4-36","Commercial","Reklam"
"tr_TR","Beach Bar","Plaj barı","4-22","Commercial","Reklam"
"tr_TR","Residential Home","Konut evi","4-30","Commercial","Reklam"
"tr_TR","Commercial Premises","Ticari binalar","4-35","Commercial","Reklam"
"tr_TR","Warehouse","Depo","4-16","Commercial","Reklam"
"tr_TR","Mooring","Demirleme","4-19","Commercial","Reklam"
"tr_TR","Business","İşletme","4-18","Commercial","Reklam"
"tr_TR","Garage","Garaj","4-17","Commercial","Reklam"
"tr_TR","Mechanics","Mekanik","4-24","Commercial","Reklam"
"tr_TR","Office","Ofis","4-10","Commercial","Reklam"
"tr_TR","Shop","Mağaza","4-9","Commercial","Reklam"
"tr_TR","Guest House","Misafirhane","4-7","Commercial","Reklam"
"tr_TR","Bed and Breakfast","Yatak ve Kahvaltı","4-8","Commercial","Reklam"
"tr_TR","Other","Diğer","4-100","Commercial","Reklam"
"tr_TR","Laundry","Çamaşır","4-27","Commercial","Reklam"
"tr_TR","Photography Studio","Fotoğraf stüdyosu","4-26","Commercial","Reklam"
"tr_TR","Land","Kara","3-4","Plot","Komplo"
"tr_TR","Residential Plot","Konut arsa","3-2","Plot","Komplo"
"tr_TR","Land with Ruin","Harabe ile arazi","3-5","Plot","Komplo"
"tr_TR","Commercial Plot","Ticari arsa","3-3","Plot","Komplo"
"tr_TR","Castle","Kale","2-12","House","Ev"
"tr_TR","Semi-Detached House","Yarı müstehcen ev","2-4","House","Ev"
"tr_TR","Detached Villa","Müstakil villa","2-2","House","Ev"
"tr_TR","City Palace","Şehir sarayı","2-13","House","Ev"
"tr_TR","Townhouse","Kasaba","2-5","House","Ev"
"tr_TR","Quad","Dörtlü","2-10","House","Ev"
"tr_TR","Wooden Cabin","Ahşap kabin","2-14","House","Ev"
"tr_TR","Bungalow","Bungalov","2-9","House","Ev"
"tr_TR","Finca - Rural Estate","Finca - Kırsal Malikane","2-6","House","Ev"
"tr_TR","Cave House","Mağara Evi","2-17","House","Ev"
"tr_TR","Mobile Home","Mobil ev","2-16","House","Ev"
"tr_TR","Wooden House","Ahşap ev","2-15","House","Ev"
"tr_TR","Top Floor Studio","Üst kat stüdyosu","1-11","Apartment","Daire"
"tr_TR","Penthouse Duplex","Çatı katı dubleks","1-7","Apartment","Daire"
"tr_TR","Top Floor Apartment","Üst katta daire","1-5","Apartment","Daire"
"tr_TR","Penthouse","Çatı katı","1-6","Apartment","Daire"
"tr_TR","Middle Floor Apartment","Orta katlı daire","1-4","Apartment","Daire"
"tr_TR","Ground Floor Apartment","Zemin kat daire","1-2","Apartment","Daire"
"tr_TR","Ground Floor Studio","Zemin kat stüdyosu","1-9","Apartment","Daire"
"tr_TR","Middle Floor Studio","Orta kat stüdyosu","1-10","Apartment","Daire"
"tr_TR","Duplex","Dubleks","1-8","Apartment","Daire"
